Curso;Nivel;Codigo;Edad;Genero;Decision;Otros_campus;Ingenieria_antes;Valoracion_ingenierias;Dedicacion;Trabajo_padre;Trabajo_madre;Posicion_clase;Tipo_estudiante;Gustar;Estudiar;Entender;No_entender;Profesional;Actividades;Carrera;Facilidad;Disfrutar;No_trabajo;Mundo_mejor;Interes_asignaturas;Salida_profesional;Actividades_instituto;Dificultad_asignaturas;Trabajo;Respeto_cientificos;Efecto_vidas;No_gustar;Examenes;Decisiones_personales
AUTOMATIZACION;SENIOR;108472;13;Chico;Yo;No;No sé;Buena;;algo sobre bancos;telecos;Entre los primeros de la clase;Buen estudiante;4;3;4;2;3;4;4;4;4;3;4;3;3;4;2;3;3;4;2;1;4
AUTOMATIZACION;SENIOR;1107000,2;16;Chico;Mis padres;No;No sé;Me da igual;no se;no se;no se;Por el medio, pero más cerca de los primeros;Buen estudiante;3;3;3;3;3;3;3;3;3;3;3;3;3;3;3;3;3;3;3;3;3
AUTOMATIZACION;SENIOR;1107156;16;Chico;Yo;2016, 2018, 2019;Sí;Muy buena;informatica;Profesor aquí en ICAI;Ingeniera;Por el medio, pero más cerca de los primeros;Buen estudiante;4;5;4;1;1;3;4;4;4;2;4;4;4;4;2;4;4;3;1;2;4
AUTOMATIZACION;SENIOR;1808307;13;Chico;Yo, Mis padres;2016, 2017, 2018, 2019, 2020 (online);No sé;Muy buena;Psicología, investigar cómo pensamos los humanos.;es profesor en esta universidad.;es enfermera.;Entre los primeros de la clase;Buen estudiante;5;4;5;2;2;3;5;5;5;2;5;4;4;4;5;4;4;4;2;3;5
AUTOMATIZACION;SENIOR;2609571;16;Chico;Mis amigos;No;No sé;Buena;Ingenieria;Abogado;Economista;Entre los primeros de la clase;Buen estudiante;4;4;4;4;4;4;4;4;4;4;4;4;4;4;4;4;4;4;4;4;4
AUTOMATIZACION;SENIOR;2804143;17;Chico;Yo, Mis padres;No;Sí;Muy buena;;ADE;no trabaja;Entre los primeros de la clase;Muy buen estudiante;5;5;4;1;1;4;5;4;5;2;5;5;5;5;3;4;4;3;1;1;3
AUTOMATIZACION;SENIOR;2807679;15;Chico;Yo;No;Sí;Muy buena;Ingeniería;en un ministerio;directora de marketing de una empresa;Entre los primeros de la clase;Muy buen estudiante;5;5;5;1;1;5;5;4;5;4;5;5;5;5;4;4;4;5;1;3;5
BIOINGENIERIA;JUNIOR;108000,1;11;Chica;Yo;2020 (online);Sí;Muy buena;;Ingeniero de caminos;Profesora de derecho;Entre los primeros de la clase;Muy buen estudiante;5;5;5;1;1;4;5;4;5;1;5;5;5;4;4;5;3;4;1;4;4
BIOINGENIERIA;JUNIOR;303884;13;Chico;Mis padres;No;No sé;Buena;;Ingeniero aeronáutico;Juzgado de menores;Por el medio, pero más cerca de los primeros;Buen estudiante;5;4;5;2;3;4;3;3;4;2;5;4;3;4;5;3;3;5;2;5;4
BIOINGENIERIA;JUNIOR;710515;13;Chica;Yo, Mis padres;No;No;Buena;directora de cine;Arquitecto;Aparejadora;Por el medio, pero más cerca de los primeros;Buen estudiante;4;2;5;4;1;3;2;3;5;3;5;4;2;5;2;3;4;5;1;4;5
BIOINGENIERIA;JUNIOR;1109806;12;Chica;Mis padres;No;No sé;Buena;;Ferrovial;Doctora;Entre los primeros de la clase;Buen estudiante;3;4;4;2;3;1;4;3;4;4;5;4;3;3;4;3;4;4;4;3;4
BIOINGENIERIA;JUNIOR;1508281;12;Chico;Yo, Mis padres;No;Sí;Muy buena;;Abogado;Procuradora;Entre los primeros de la clase;Buen estudiante;5;5;5;1;1;5;5;5;5;1;5;5;5;5;3;5;4;5;1;1;5
BIOINGENIERIA;JUNIOR;1601778;13;Chica;Yo, Mis padres;No;No sé;Buena;Algo relacionado con ciencias, abogacía o policía;Informática.;Economía de un banco.;Entre los primeros de la clase;Muy buen estudiante;4;4;3;2;3;3;4;4;4;2;5;4;3;4;1;4;4;5;1;2;3
BIOINGENIERIA;JUNIOR;1812000,1;11;Chica;Yo;No;No sé;Buena;;en un banco;en un banco;Por el medio, pero más cerca de los primeros;Dentro de la media;5;3;3;2;2;4;4;3;4;2;5;4;4;4;3;4;2;4;1;3;3
BIOINGENIERIA;JUNIOR;2505000;12;Chica;Yo;No;Sí;Muy buena;;medico;medico;Entre los primeros de la clase;Muy buen estudiante;5;4;5;1;1;4;4;4;5;2;5;5;4;5;5;4;4;5;1;3;5
BIOINGENIERIA;SENIOR;106843;15;Chica;Yo;2016;Sí;Muy buena;;Funcionario (teleco);Ingeniera informática en Babel;Entre los primeros de la clase;Buen estudiante;5;5;5;1;2;4;4;4;5;1;5;3;4;4;2;4;2;3;1;1;3
BIOINGENIERIA;SENIOR;201095;17;Chica;Yo;No;Sí;Buena;Algo relacionado con la ciencia enfocado a la salud, como medicina o ingeniería biomédica;Estudió ingeniería en ICAI y trabaja en una empresa;Es técnica de auditoría (funcionaria);Entre los primeros de la clase;Muy buen estudiante;5;5;4;1;1;4;5;4;5;1;5;5;5;5;3;4;3;5;1;4;4
BIOINGENIERIA;SENIOR;211655;16;Chico;Mis padres;No;Sí;Muy buena;No lo sé;Notario;Fiscal;Por el medio, pero más cerca de los primeros;Buen estudiante;5;4;5;2;3;4;3;3;5;2;5;5;4;5;4;4;4;5;1;4;4
BIOINGENIERIA;SENIOR;306636;15;Chico;Yo, Mis padres;2018, 2019, 2020 (online);Sí;Muy buena;;Panadero;Anticuaria;Entre los primeros de la clase;Muy buen estudiante;5;5;5;1;1;5;5;5;5;1;5;5;5;5;1;5;4;5;1;1;5
BIOINGENIERIA;SENIOR;401142;15;Chica;Yo;No;Sí;Buena;;Ingeniero de montes y profesor de universidad;Ingeniero de montesy profesora de universidad;Por el medio, pero más cerca de los primeros;Buen estudiante;5;5;5;1;1;5;5;4;5;1;5;3;5;5;2;5;3;3;1;3;5
BIOINGENIERIA;SENIOR;510488;14;Chica;Yo;No;Sí;Muy buena;;Director de un colegio mayor;Ingeniera aeronáutica en Airbus;Entre los primeros de la clase;Muy buen estudiante;5;5;5;2;1;5;5;4;5;1;5;4;5;5;3;5;3;3;1;2;5
BIOINGENIERIA;SENIOR;611459;13;Chica;Yo, Mis padres;2017, 2018, 2019;Sí;Buena;;Economista.;Economista.;Por el medio, pero más cerca de los primeros;Muy buen estudiante;4;5;5;1;3;2;5;4;4;5;5;4;3;4;1;3;4;5;1;4;5
BIOINGENIERIA;SENIOR;707996;17;Chica;Yo;No;Sí;Buena;Estoy barajando ingeniería biomédica u otras carreras;Consultor;Gestora de ropa en Enagas;Entre los primeros de la clase;Muy buen estudiante;5;5;5;1;1;3;5;3;5;1;5;5;5;5;5;5;4;4;1;3;4
BIOINGENIERIA;SENIOR;806974;17;Chico;Yo;2017;Sí;Muy buena;;Director de Ventas;Profesora de Derecho;Entre los primeros de la clase;Buen estudiante;5;5;5;1;1;3;5;4;5;1;5;5;5;5;4;4;4;4;1;3;5
BIOINGENIERIA;SENIOR;908167;14;Chica;Yo, Mis padres;No;Sí;Buena;Me gustaría trabajar en un laboratorio estudiando temas de genética, ADN o estudiando algún posible medicamento para curar el cáncer.;Mi padre es director de centro de asesoramiento en Banca Privada.;Mi madre trabaja en gestión financiera y es matemática.;Entre los primeros de la clase;Muy buen estudiante;5;5;5;1;1;4;5;5;5;2;4;5;5;5;3;5;4;3;1;4;4
BIOINGENIERIA;SENIOR;1003516;15;Chica;Yo;2019;Sí;Muy buena;Ingeniera de inteligencia artificial;Profesor de matemáticas  en icai;Joyera;Por el medio, pero más cerca de los primeros;Muy buen estudiante;4;5;4;2;1;4;5;4;4;2;5;4;4;4;2;4;4;3;2;2;4
BIOINGENIERIA;SENIOR;1006955;15;Chica;Yo;2019;Sí;Buena;Biotecnología;Arquitecto;Abogada;Entre los primeros de la clase;Muy buen estudiante;5;5;5;1;1;4;5;5;4;1;4;4;5;4;3;5;5;5;1;1;5
BIOINGENIERIA;SENIOR;1610000;13;Chico;Yo;No;No sé;Buena;;desarrollador de software de televisiones;dirige una panadería;Entre los últimos de la clase;Buen estudiante;4;4;5;2;2;3;4;3;4;3;5;4;4;4;2;3;5;4;1;2;4
BIOINGENIERIA;SENIOR;1704572;16;Chica;Yo;2017;Sí;Buena;;Fallecido;Jubilada;Entre los primeros de la clase;Buen estudiante;5;5;5;2;1;4;5;5;5;3;5;4;5;5;2;3;3;4;1;3;5
BIOINGENIERIA;SENIOR;1706015;16;Chico;Yo;2018;Sí;Muy buena;Bioingeniero;Ingeniero industrial;Ingeniera industrial;Por el medio, pero más cerca de los últimos;Dentro de la media;5;5;4;1;1;3;5;3;4;1;5;4;5;4;4;4;4;4;1;3;5
BIOINGENIERIA;SENIOR;2108376;13;Chico;Yo;2019;Sí;Buena;Ingeniero aeronautico;Cantante de ópera;Profesora de español como lengua extrangera;Por el medio, pero más cerca de los primeros;Muy buen estudiante;4;5;5;2;1;3;5;4;5;2;5;4;5;4;1;5;4;4;1;2;4
BIOINGENIERIA;SENIOR;2210491;16;Chica;Mis padres;No;No sé;Me da igual;;Ingeniero;Ingeniero;Entre los primeros de la clase;Buen estudiante;4;4;4;3;2;2;3;4;3;2;5;4;4;4;5;2;3;5;2;3;5
BIOINGENIERIA;SENIOR;2310590;14;Chica;Yo;2016;Sí;Buena;;Jefe de una serie de empresas y materiales sobre la naturaleza;Secretaria;Entre los primeros de la clase;Muy buen estudiante;4;5;5;1;1;3;4;4;5;3;4;4;5;4;2;3;4;4;1;2;4
BIOINGENIERIA;SENIOR;2312599;16;Chica;Mis padres;No;No sé;Me da igual;;Inspector de Hacienda;Empresa farmacéutica;Entre los primeros de la clase;Muy buen estudiante;4;3;4;2;2;1;3;3;3;2;5;4;3;4;5;3;2;4;3;5;3
BIOINGENIERIA;SENIOR;2605000;14;Chica;Yo;No;No sé;Buena;;Consultoría;Medicina;Por el medio, pero más cerca de los primeros;Buen estudiante;3;3;3;3;3;3;3;3;3;3;3;3;3;3;3;2;3;3;3;3;3
BIOINGENIERIA;SENIOR;2606000;14;Chico;Yo;No;Sí;Muy buena;;Medicina;Medicina;Entre los primeros de la clase;Buen estudiante;5;5;5;1;1;3;5;5;5;1;5;5;5;5;1;5;5;5;1;1;5
BIOINGENIERIA;SENIOR;2708654;14;Chico;Yo;2016, 2017, 2018, 2019;No sé;Muy buena;;estadística;farmacéutica;Por el medio, pero más cerca de los primeros;Muy buen estudiante;5;3;4;1;3;3;4;5;5;2;5;3;4;5;2;3;5;5;1;1;4
BIOINGENIERIA;SENIOR;2812778;15;Chico;Mis padres;No;No;Buena;Marketing;Derecho;Profesora;Por el medio, pero más cerca de los últimos;Dentro de la media;2;1;4;3;5;3;2;3;3;2;5;4;2;3;4;1;4;4;3;4;5
BIOINGENIERIA;SENIOR;3110083;14;Chica;Yo;2016, 2017, 2018, 2019, 2020 (online);Sí;Muy buena;;Abogacía;Abogacía;Por el medio, pero más cerca de los primeros;Buen estudiante;5;5;5;1;1;4;5;4;5;3;5;4;5;5;3;2;4;5;1;2;4
BIOINGENIERIA;SENIOR;17305443;16;Chica;Mis padres;No;Sí;Buena;Algo relacionado con la bilogía;Profesor de electrónica e ingeniería;Científica;Entre los primeros de la clase;Buen estudiante;4;5;5;1;1;3;5;3;4;2;5;5;5;5;3;5;4;5;1;4;5
CIBERSEGURIDAD;SENIOR;104324;17;Chico;Yo;2016, 2017, 2018, 2019, 2020 (online);Sí;Muy buena;;Informático;Maestra;Entre los primeros de la clase;Muy buen estudiante;5;5;5;1;1;4;5;4;4;1;5;5;5;5;1;5;4;5;1;3;4
CIBERSEGURIDAD;SENIOR;303941;14;Chico;Yo;2018, 2019;Sí;Buena;;Fallecido;Funcionaria;Por el medio, pero más cerca de los primeros;Buen estudiante;5;4;5;2;2;3;4;4;5;3;4;4;4;4;2;3;4;4;1;2;4
CIBERSEGURIDAD;SENIOR;304000;15;Chico;Mis padres;No;Sí;Buena;Todavía no lo sé;Hace máquinas;Farmacia;Entre los primeros de la clase;Buen estudiante;4;3;4;2;3;2;4;3;4;3;4;4;3;3;2;3;3;4;2;2;3
CIBERSEGURIDAD;SENIOR;710906;15;Chico;Yo;No;Sí;Muy buena;;Finanzas;Ingeniera de telecomunicaciones;Por el medio, pero más cerca de los primeros;Buen estudiante;4;5;5;1;1;4;5;3;4;1;4;5;5;4;3;5;3;4;1;3;4
CIBERSEGURIDAD;SENIOR;908497;15;Chico;Yo, Mis padres;No;Sí;Muy buena;;Ingeniero agrónomo;Enfermera;Entre los primeros de la clase;Buen estudiante;4;5;5;1;2;3;5;4;4;3;5;4;4;3;3;3;4;4;2;1;4
CIBERSEGURIDAD;SENIOR;1005078;16;Chico;Yo;No;Sí;Buena;;policia;empresaria;Por el medio, pero más cerca de los primeros;Buen estudiante;4;5;4;1;1;3;4;4;4;1;4;4;4;5;4;3;4;4;5;4;4
CIBERSEGURIDAD;SENIOR;1006462;17;Chico;Yo;2019;Sí;Buena;;Directivo de una empresa.;Directiva de una empresa.;Por el medio, pero más cerca de los primeros;Buen estudiante;4;5;4;1;1;4;5;3;4;2;5;4;4;3;4;2;3;4;1;5;4
CIBERSEGURIDAD;SENIOR;1112000,1;12;Chica;Yo;2020 (online);Sí;Muy buena;;Inspector de acienda;Inspectora de acienda;Entre los primeros de la clase;Muy buen estudiante;5;5;5;1;1;5;5;5;5;5;5;5;5;5;1;5;4;5;1;2;5
CIBERSEGURIDAD;SENIOR;1112643;16;Chico;Yo, Mis padres;2019;Sí;Muy buena;;Es Ingeniero agrónomo;Es Ingeniero agrónomo;Entre los primeros de la clase;Buen estudiante;5;5;5;1;5;5;5;4;5;4;5;5;5;5;4;4;4;4;1;4;3
CIBERSEGURIDAD;SENIOR;1204427;16;Chico;Yo, Mis padres;No;Sí;Buena;no lo sé;Profesor;Matrona;Entre los últimos de la clase;Dentro de la media;4;4;3;2;2;2;4;3;3;2;4;4;4;4;4;2;4;4;2;4;3
CIBERSEGURIDAD;SENIOR;1411232;16;Chico;Yo;No;Sí;Muy buena;No lo sé;Fucionario;Aparejadora;Entre los primeros de la clase;Buen estudiante;5;5;5;1;1;5;5;3;5;1;5;5;5;5;4;5;4;5;1;5;5
CIBERSEGURIDAD;SENIOR;1411317;14;Chico;Yo;2019;Sí;Buena;;Ingeniero agrónomo;Ingeniero agrónomo;Por el medio, pero más cerca de los primeros;Buen estudiante;4;4;4;2;2;4;4;4;4;2;5;5;5;4;3;4;4;4;1;3;4
CIBERSEGURIDAD;SENIOR;1712155;14;Chico;Yo;No;Sí;Buena;Ingeniería informática;abogado;abogada;Por el medio, pero más cerca de los primeros;Buen estudiante;4;5;3;2;2;3;5;4;3;3;4;4;4;3;4;3;4;4;1;2;3
CIBERSEGURIDAD;SENIOR;2105971;14;Chico;Mis padres, Otros;No;Sí;Buena;;Trabaja en el área de la red eléctrica;Es farmacéutica;Entre los últimos de la clase;Buen estudiante;4;4;5;3;4;3;3;3;3;4;4;3;3;4;5;4;4;4;3;3;4
CIBERSEGURIDAD;SENIOR;2406134;17;Chico;Yo;No;Sí;Buena;A las Matematicas;Profesor;Farmacia;Entre los primeros de la clase;Buen estudiante;5;5;5;2;5;4;5;5;5;2;5;5;5;5;2;4;4;5;2;4;4
CIBERSEGURIDAD;SENIOR;2502741;17;Chico;Yo;2019;Sí;Muy buena;Informática;Informático;Editora;Por el medio, pero más cerca de los primeros;Dentro de la media;5;4;5;1;1;4;5;4;4;4;5;5;5;4;1;4;3;3;1;1;3
CIBERSEGURIDAD;SENIOR;2708000;14;Chica;Yo;No;Sí;Muy mala;No lo sé;INE;BDE;Entre los primeros de la clase;Muy buen estudiante;5;5;5;1;1;5;5;5;5;1;5;5;5;5;1;5;5;5;1;1;5
CIBERSEGURIDAD;SENIOR;2901837;16;Chico;Yo;No;Sí;Muy buena;;informático;directora empresarial;Entre los primeros de la clase;Muy buen estudiante;5;5;5;1;2;4;5;4;4;1;4;5;5;5;1;3;4;4;1;1;4
CIBERSEGURIDAD;SENIOR;3003609;16;Chico;Yo;No;Sí;Buena;;Jefe de una empresa;No trabaja;Por el medio, pero más cerca de los primeros;Dentro de la media;4;4;3;2;2;3;4;3;4;4;5;4;4;4;3;4;4;4;2;3;4
CIENCIA EN LA COCINA;JUNIOR;408000;11;Chico;Yo;No;No sé;Buena;;Ingeniero;Profesora;Entre los primeros de la clase;Muy buen estudiante;5;3;5;1;1;4;3;4;5;3;5;3;2;5;1;3;4;5;1;1;5
CIENCIA EN LA COCINA;JUNIOR;501000;12;Chico;Yo;No;Sí;Muy buena;;Es arquitecto;Es arquitecta;Entre los primeros de la clase;Muy buen estudiante;5;5;5;1;2;5;4;5;5;2;5;4;4;4;2;4;5;5;1;1;5
CIENCIA EN LA COCINA;JUNIOR;505000;12;Chica;Otros;No;No sé;Muy buena;;informática;informática;Entre los primeros de la clase;Muy buen estudiante;4;4;5;1;2;3;4;4;5;3;5;5;4;5;1;3;5;5;1;1;5
CIENCIA EN LA COCINA;JUNIOR;609000,1;9;Chico;Yo, Mis padres;No;No sé;Me da igual;;No me acuerdo;Profesora en comillas;Por el medio, pero más cerca de los últimos;Dentro de la media;5;3;3;1;2;2;1;3;3;2;5;3;2;1;5;2;5;4;2;5;3
CIENCIA EN LA COCINA;JUNIOR;706000;10;Chica;Yo;No;No sé;Buena;;profesor;profesor;Por el medio, pero más cerca de los primeros;Muy buen estudiante;4;4;5;1;1;4;4;4;4;2;5;4;4;4;3;4;4;4;2;1;5
CIENCIA EN LA COCINA;JUNIOR;804000;11;Chica;Yo;No;No sé;Buena;;ES PROFESOR DE ICADE Y TRABAJA EN FERROVIAL;HACE CURSOS DE UNIVERSIDADES;Por el medio, pero más cerca de los primeros;Muy buen estudiante;3;4;4;1;1;2;1;3;3;4;5;3;1;3;1;2;5;4;1;3;5
CIENCIA EN LA COCINA;JUNIOR;903000;10;Chica;Yo, Mis padres;No;Sí;Muy buena;;en ingeniería;en ingeniería;Por el medio, pero más cerca de los primeros;Buen estudiante;4;3;5;1;3;3;3;3;5;3;5;3;3;3;2;3;5;5;1;1;5
CIENCIA EN LA COCINA;JUNIOR;911000;11;Chica;Mis padres;2019;No sé;Buena;Algo de diseño;medicina;enfermera;Por el medio, pero más cerca de los primeros;Muy buen estudiante;4;3;5;2;3;4;4;4;5;4;5;3;4;4;2;2;5;5;1;3;4
CIENCIA EN LA COCINA;JUNIOR;1110000;10;Chico;Yo;No;Sí;Buena;;trabaja en una empresa farmacéutica;departamento de marketing en Adove;Entre los primeros de la clase;Buen estudiante;4;5;5;2;1;3;1;3;3;3;5;5;5;4;3;3;5;3;2;2;5
CIENCIA EN LA COCINA;JUNIOR;1206000;13;Chica;Yo;No;Sí;Muy buena;;iNGENIERO SUPERIOR;FISICA;Por el medio, pero más cerca de los primeros;Buen estudiante;4;4;5;2;2;2;4;4;4;4;5;3;4;4;3;4;5;4;1;3;5
CIENCIA EN LA COCINA;JUNIOR;1209000;11;Chico;Mis padres;No;No sé;Buena;;abogado;abogado;Por el medio, pero más cerca de los primeros;Buen estudiante;4;4;5;1;3;3;4;5;5;3;5;5;4;4;1;3;4;5;1;4;5
CIENCIA EN LA COCINA;JUNIOR;1312000;11;Chica;Yo;No;Sí;Buena;Enfermera;Asesor;Matemática en banca;Por el medio, pero más cerca de los primeros;Muy buen estudiante;4;4;3;2;3;1;3;3;4;1;5;3;4;3;1;1;5;5;1;1;3
CIENCIA EN LA COCINA;JUNIOR;1402000;10;Chico;Yo, Mis padres;No;Sí;Buena;Arqueólogo;Ingeniería;Abogado de empresa;Entre los primeros de la clase;Muy buen estudiante;5;5;5;1;1;2;5;2;5;1;5;4;5;4;2;3;3;5;1;2;5
CIENCIA EN LA COCINA;JUNIOR;2110000;9;Chica;Mis padres;No;No sé;Mala;;no lo sè;no lo sè;Por el medio, pero más cerca de los primeros;Muy buen estudiante;3;3;5;3;3;3;2;3;3;5;4;3;3;3;3;2;3;4;3;4;3
CIENCIA EN LA COCINA;JUNIOR;2301000;10;Chica;Mis padres;No;No sé;Buena;;es secretario en un colegio;trabaja en un banco;Entre los primeros de la clase;Muy buen estudiante;4;3;5;1;3;4;3;3;5;3;4;4;4;4;4;4;4;3;1;4;4
CIENCIA EN LA COCINA;JUNIOR;2501000,2;10;Chica;Mis padres;No;No sé;Me da igual;no lo sé;cónsul español en Boston;no lo sé;Por el medio, pero más cerca de los primeros;Buen estudiante;2;3;1;4;3;2;3;2;1;3;1;2;3;2;4;3;3;2;5;3;3
CIENCIA EN LA COCINA;JUNIOR;2802000;10;Chica;Yo;No;Sí;Buena;;es profesor de ingeneria mecanica y fluidos;en residencias de personas mayores;Entre los primeros de la clase;Muy buen estudiante;5;5;5;1;1;4;5;4;5;5;5;5;5;4;3;5;4;4;1;3;4
CIENCIA EN LA COCINA;JUNIOR;3103000;11;Chica;Yo, Mis padres;No;No sé;Muy buena;;En ordenadores;Abogada;Por el medio, pero más cerca de los primeros;Buen estudiante;5;4;5;1;3;4;3;4;5;2;5;5;3;4;2;3;5;5;1;3;5
CIENCIA EN LA COCINA;JUNIOR;140509000;12;Chico;Yo;No;No sé;Buena;;no lo sé;profesora de universidad en una facultad;Entre los primeros de la clase;Buen estudiante;4;3;3;1;3;2;2;4;4;3;5;2;2;3;3;2;4;3;2;5;2
CIENCIA EN LA COCINA;SENIOR;108000,3;13;Chica;Yo;No;No sé;Me da igual;;secretario en un colegio;en un banco;Por el medio, pero más cerca de los primeros;Buen estudiante;2;3;4;2;3;2;3;3;3;3;5;3;3;2;3;2;4;4;2;4;4
CIENCIA EN LA COCINA;SENIOR;307399;13;Chica;Yo;No;Sí;Muy buena;;Es procesador de datos;Profesora de universidad;Entre los primeros de la clase;Muy buen estudiante;5;5;5;1;1;5;5;5;5;2;5;5;5;5;1;4;5;5;1;1;5
CIENCIA EN LA COCINA;SENIOR;904445;15;Chica;Yo;2017, 2018, 2019;Sí;Me da igual;;abogado;decoradora de interiores;Por el medio, pero más cerca de los primeros;Muy buen estudiante;5;5;4;2;1;3;5;4;4;2;4;5;5;4;3;5;3;4;1;3;4
CIENCIA EN LA COCINA;SENIOR;1503293;14;Chico;Yo, Mis padres;2019;No sé;Buena;;Director económico - financiero;Economista;Entre los primeros de la clase;Muy buen estudiante;3;4;5;1;2;3;3;3;4;3;4;3;3;4;3;3;3;5;3;3;4
CIENCIA EN LA COCINA;SENIOR;2904509;14;Chica;Yo;2018;Sí;Buena;;Auditor;Desarrolladora y guionista de contenidos elearning;Por el medio, pero más cerca de los primeros;Buen estudiante;4;5;5;1;2;3;3;3;4;1;5;5;4;5;3;3;5;5;1;2;5
CIENCIA EN LA COCINA;SENIOR;3010927;15;Chica;Yo;2018, 2019;Sí;Muy buena;;Ingeniero eléctrico;Ingeniera eléctrica;Entre los primeros de la clase;Muy buen estudiante;4;5;4;1;1;4;5;4;4;1;5;5;5;4;2;4;4;4;1;1;3
DISEÑO 3D;JUNIOR;108000,2;11;Chico;Yo;2018;Sí;Muy buena;;marketing;directora de desarrollo  de negocio de uria menendez;Entre los primeros de la clase;Buen estudiante;5;5;5;1;1;4;5;4;5;1;5;5;5;5;2;5;5;5;1;2;5
DISEÑO 3D;JUNIOR;249000;10;Chica;Yo, Mis padres;No;No sé;Muy buena;No lo se;En el banco de Espña;En Nokia;Entre los primeros de la clase;Muy buen estudiante;5;4;5;1;4;5;4;5;5;1;5;5;4;5;1;4;5;5;1;1;5
DISEÑO 3D;JUNIOR;506000;11;Chico;Mis padres;No;No sé;Buena;AL CINE;En ingieneria;En un banco;Por el medio, pero más cerca de los primeros;Buen estudiante;4;3;4;1;3;3;3;3;4;3;5;4;3;4;2;3;5;5;1;3;4
DISEÑO 3D;JUNIOR;610000;10;Chica;Yo;2020 (online);Sí;Muy buena;;Inspector de acienda;Inspectora de acienda;Por el medio, pero más cerca de los primeros;Buen estudiante;5;5;5;2;2;5;5;3;5;1;5;5;5;5;3;5;3;4;1;2;5
DISEÑO 3D;JUNIOR;707000;11;Chico;Yo;No;Sí;Buena;;Ingeniero de minas;Dermatóloga;Entre los primeros de la clase;Buen estudiante;4;4;4;1;3;2;4;4;5;3;5;4;4;4;3;3;4;4;2;2;3
DISEÑO 3D;JUNIOR;1310000,3;12;Chica;Yo;2020 (online);Sí;Muy buena;policia informática;matematico y financiero en el Corte Ingles;abogada colegiada en linea directa;Entre los primeros de la clase;Muy buen estudiante;5;4;5;3;2;4;4;2;4;2;5;4;4;4;4;4;4;4;1;4;5
DISEÑO 3D;JUNIOR;1311000;12;Chico;Yo;No;No sé;Buena;Aun no lo tengo muy decidido;financiero;ingeniera;Entre los primeros de la clase;Buen estudiante;3;4;5;2;3;2;3;4;4;3;5;4;3;4;5;3;4;5;1;4;5
DISEÑO 3D;JUNIOR;1311000,2;10;Chica;Yo, Mis padres;No;No sé;Buena;;abogado;economista;Por el medio, pero más cerca de los primeros;Buen estudiante;4;3;4;2;3;4;3;3;4;3;5;4;3;4;3;3;4;5;2;3;4
DISEÑO 3D;JUNIOR;1505000;11;Chica;Yo, Mis padres;No;No sé;Buena;;Ingeniería (enagas);Abogada (Cabot);Por el medio, pero más cerca de los primeros;Buen estudiante;4;3;4;2;3;4;3;4;4;2;5;4;3;4;3;3;4;4;2;2;4
DISEÑO 3D;JUNIOR;1709000;12;Chico;Yo;2020 (online);Sí;Muy buena;Ingeniería o arquitectura;Química;Funcionaria;Entre los primeros de la clase;Muy buen estudiante;5;5;5;2;5;4;5;4;5;1;4;4;5;5;2;5;4;4;1;1;5
DISEÑO 3D;JUNIOR;2103000;11;Chica;Yo, Mis padres;No;Sí;Muy buena;;renaul, RCI;una de las jefas de compras de renaul;Entre los primeros de la clase;Buen estudiante;5;4;5;2;5;4;4;3;5;5;5;4;2;4;3;1;5;5;1;3;2
DISEÑO 3D;JUNIOR;2209000;11;Chico;Yo, Mis padres;2019;Sí;Muy buena;;Es abogado;Es abogada;Por el medio, pero más cerca de los primeros;Muy buen estudiante;5;5;5;1;1;3;5;5;5;2;5;5;5;5;2;1;5;5;1;2;5
DISEÑO 3D;JUNIOR;2501987;13;Chico;Yo;No;No sé;Muy buena;No lo se;Director de campaña de aire libre, deportes y jardín en Alcampo.;Enfermera.;Entre los primeros de la clase;Muy buen estudiante;5;3;5;1;1;3;5;4;5;2;5;5;3;5;3;3;4;5;1;3;5
DISEÑO 3D;JUNIOR;2703772;12;Chica;Mis padres;2019;No sé;Buena;;Ingeniero;icade;Entre los primeros de la clase;Buen estudiante;3;3;4;2;3;3;2;3;4;3;5;3;2;3;4;2;4;4;2;1;3
DISEÑO 3D;JUNIOR;2808978;11;Chico;Mis padres;No;No sé;Mala;no lo tengo muy claro;FUNDAE;IFEMA;Por el medio, pero más cerca de los últimos;Buen estudiante;3;2;4;2;3;1;3;3;2;2;5;2;3;3;4;2;4;4;3;4;5
DISEÑO 3D;JUNIOR;2810000;9;Chico;Yo, Mis padres;No;No sé;Buena;;ingeNIERO;PERIODISTA;Por el medio, pero más cerca de los últimos;Dentro de la media;3;3;4;3;1;4;3;1;3;2;4;3;4;3;3;3;3;3;1;3;3
DISEÑO 3D;JUNIOR;3009771;12;Chico;Yo, Mis padres;No;No sé;Buena;No sé;En el banco de España;En Nokia;Entre los primeros de la clase;Muy buen estudiante;5;5;5;1;1;5;5;5;5;2;5;5;5;5;1;2;4;5;1;1;5
DISEÑO 3D;JUNIOR;3012000;10;Chico;Yo;No;No sé;Buena;;funcionario;funcionaria;Por el medio, pero más cerca de los primeros;Buen estudiante;4;3;2;1;3;4;2;2;4;2;3;4;3;4;3;2;3;3;1;1;1
DISEÑO 3D;JUNIOR;3103499;11;Chica;Yo, Mis padres;No;No sé;Muy buena;Actriz o cocinera;En ordenadores;Abogada;Por el medio, pero más cerca de los primeros;Buen estudiante;5;4;5;2;3;4;3;3;5;2;5;5;3;4;2;2;5;5;1;3;4
DISEÑO 3D;JUNIOR;7092010000;10;Chico;Yo;No;No;Buena;Ha ser profesor;Economía;Enfermeria;Por el medio, pero más cerca de los primeros;Buen estudiante;4;2;5;1;2;3;1;3;4;3;4;3;2;3;1;1;4;4;4;2;4
DISEÑO 3D;SENIOR;204543;16;Chica;Yo;2019;Sí;Muy buena;;Es ingeniero industrial;No trabaja;Entre los primeros de la clase;Muy buen estudiante;4;5;5;1;1;4;5;4;4;3;5;3;5;4;2;3;4;4;1;4;3
DISEÑO 3D;SENIOR;306394;16;Chica;Yo;No;No;Buena;;Es coordinador de negocios de una empresa;No trabaja, ayuda en casa.;Entre los primeros de la clase;Muy buen estudiante;4;2;4;1;5;3;2;3;3;5;5;4;1;3;4;1;5;3;3;2;5
DISEÑO 3D;SENIOR;1306366;14;Chico;Yo;No;No sé;Buena;;infórmatico;Directora de recursos humanos;Por el medio, pero más cerca de los primeros;Buen estudiante;4;5;4;1;1;2;5;4;4;3;4;5;4;3;2;3;4;4;1;2;4
DISEÑO 3D;SENIOR;1711134;12;Chica;Yo;2019;Sí;Muy buena;;Periodista;Trabaja con el dinero del estado;Entre los primeros de la clase;Buen estudiante;5;4;4;1;1;4;5;4;5;1;5;5;5;5;5;5;5;5;1;1;5
DISEÑO 3D;SENIOR;2202269;14;Chico;Mis padres;No;No sé;Muy buena;;Bioquímico molecular;Profesora;Por el medio, pero más cerca de los primeros;Buen estudiante;5;3;5;1;3;3;4;4;5;1;5;5;4;4;3;5;2;3;1;3;3
DISEÑO 3D;SENIOR;2206668;16;Chico;Yo;No;Sí;Buena;;Arquitectura;consultoría;Entre los primeros de la clase;Buen estudiante;5;5;5;1;1;4;4;4;4;2;5;4;4;4;3;4;4;3;1;3;2
DISEÑO 3D;SENIOR;2807890;13;Chico;Yo, Mis padres;2019, 2020 (online);Sí;Muy buena;;Ingeniería de telecomunicaciones;Aplicaciones de ordenador y marketing;Entre los primeros de la clase;Muy buen estudiante;2;2;3;3;4;1;2;3;2;4;4;3;2;2;3;2;3;3;3;2;4
DRONES;SENIOR;306080;16;Chico;Yo;2019, 2020 (online);Sí;Muy buena;;Ingeniería industrial;Farmacovigilancia;Entre los primeros de la clase;Muy buen estudiante;4;5;5;1;1;4;5;4;4;1;5;5;5;4;4;5;4;4;1;2;4
DRONES;SENIOR;310825;15;Chico;Yo;No;Sí;Muy buena;Piloto / ingeniero aeronáutico;Piloto;Piloto;Entre los primeros de la clase;Muy buen estudiante;4;4;5;2;1;5;4;4;5;3;5;5;4;5;3;4;5;5;1;4;3
DRONES;SENIOR;805382;16;Chico;Yo;2019, 2020 (online);Sí;Buena;;Ingeniero de teleco;Ingeniera de teleco;Entre los primeros de la clase;Buen estudiante;4;5;5;2;2;3;4;4;5;2;5;4;4;4;3;3;3;3;2;2;5
DRONES;SENIOR;1010827;14;Chico;Yo, Mis padres;No;Sí;Buena;;Administrativo;Administrativo;Por el medio, pero más cerca de los primeros;Muy buen estudiante;4;5;4;1;1;3;4;3;4;2;4;4;4;4;3;4;4;3;1;4;4
DRONES;SENIOR;1307570;14;Chico;Yo;No;No sé;Buena;;Ingeniero;Agencia de viajes;Por el medio, pero más cerca de los últimos;Buen estudiante;3;4;2;1;3;2;4;3;4;3;4;5;3;3;4;2;3;4;1;5;3
DRONES;SENIOR;1611000;14;Chico;Yo;2016, 2017, 2018, 2019, 2020 (online);No sé;Buena;;Empresario;Nada;Entre los primeros de la clase;Muy buen estudiante;4;4;4;2;3;3;3;3;4;3;4;3;3;3;2;3;2;4;1;2;4
DRONES;SENIOR;1809761;14;Chico;Yo, Mis padres;2019;Sí;Buena;;Medicina;Medicina;Por el medio, pero más cerca de los primeros;Muy buen estudiante;5;4;5;2;2;5;4;5;5;2;5;5;4;5;2;4;5;5;1;2;4
DRONES;SENIOR;2203645;16;Chico;Yo;2016, 2017, 2018, 2019;Sí;Muy buena;bioingeniería o genetista;no tengo;Amnistía internacional;Por el medio, pero más cerca de los primeros;Buen estudiante;5;5;5;1;1;5;5;5;5;1;5;5;5;5;1;5;5;5;1;1;5
DRONES;SENIOR;2207915;13;Chico;Mis padres;No;Sí;Muy buena;;Informática;Economía;Por el medio, pero más cerca de los primeros;Buen estudiante;4;4;3;1;1;3;5;4;4;4;4;5;5;5;4;2;4;4;2;3;4
DRONES;SENIOR;2211745;15;Chico;Yo, Mis padres;2019, 2020 (online);Sí;Muy buena;;Ingeniero de Telecomunicaciones;Consultoría;Entre los primeros de la clase;Muy buen estudiante;5;5;5;1;1;5;5;4;5;1;5;4;5;5;3;5;3;5;1;1;5
DRONES;SENIOR;2609256;14;Chico;Yo, Mis amigos;No;Sí;Buena;;Arquitecto;Arquitecto;Por el medio, pero más cerca de los primeros;Dentro de la media;3;4;5;3;2;3;4;3;4;4;5;4;4;4;4;3;4;5;2;3;3
DRONES;SENIOR;2709421;14;Chico;Yo, Mis padres;2020 (online);Sí;Buena;;Empresario;Enfermera;Por el medio, pero más cerca de los primeros;Buen estudiante;4;4;4;2;2;5;5;3;5;5;5;5;4;5;3;4;5;5;1;3;4
DRONES;SENIOR;2901873;14;Chico;Mis padres;No;No sé;Buena;;abogado;abogada y profesora;Por el medio, pero más cerca de los primeros;Dentro de la media;4;4;5;1;4;3;4;3;4;1;5;5;4;4;3;5;4;4;1;3;4
DRONES;SENIOR;2909080;14;Chico;Mis padres;No;No sé;Me da igual;;Veterinaria;Ingeniería;Por el medio, pero más cerca de los primeros;Buen estudiante;4;5;4;2;2;3;4;4;4;3;4;4;4;4;2;3;4;4;2;2;4
EDICION DE FOTO Y VIDEO;JUNIOR;109000;10;Chico;Yo;No;No sé;Buena;;Custosmobile;Zara;Por el medio, pero más cerca de los primeros;Muy buen estudiante;4;2;4;3;3;2;3;4;3;3;5;3;3;3;3;2;4;4;2;4;4
EDICION DE FOTO Y VIDEO;JUNIOR;504000,2;13;Chica;Mis padres;2018, 2019;No sé;Me da igual;;Es ingeniero;Es ingeniera;Por el medio, pero más cerca de los primeros;Dentro de la media;4;2;4;3;3;2;3;4;3;3;5;5;3;4;2;3;4;4;3;2;3
EDICION DE FOTO Y VIDEO;JUNIOR;1001051;12;Chica;Mis padres;No;No sé;Buena;A algo relacionado con la ingeniería;Ingeniero;Interventora del ayuntamiento de Jerez;Entre los primeros de la clase;Muy buen estudiante;4;4;5;1;1;4;5;5;4;1;5;5;5;5;3;3;4;4;1;3;4
EDICION DE FOTO Y VIDEO;JUNIOR;1310000,2;11;Chica;Yo;2020 (online);Sí;Buena;;matemático en la financiera el corte ingles;Abogada colegiada en Linea directa aseguradora;Entre los primeros de la clase;Muy buen estudiante;4;4;5;1;2;4;4;3;4;1;5;3;4;4;4;4;5;5;1;4;5
EDICION DE FOTO Y VIDEO;JUNIOR;1809000;11;Chica;Mis padres;2019, 2020 (online);Sí;Muy buena;;Doctor ingeniero eléctrico;Ingeniera eléctrica;Entre los primeros de la clase;Muy buen estudiante;5;4;5;1;4;5;4;5;5;2;5;5;4;5;1;4;5;5;1;1;5
EDICION DE FOTO Y VIDEO;JUNIOR;1812000,2;12;Chica;Mis padres;No;No sé;Me da igual;;funcionario;en bbva;Por el medio, pero más cerca de los primeros;Buen estudiante;3;3;3;1;4;2;3;3;2;3;3;3;3;3;3;2;4;3;3;3;3
EDICION DE FOTO Y VIDEO;JUNIOR;2203000;13;Chica;Yo, Mis padres;2020 (online);Sí;Muy buena;;Ingeniero;Ingeniera;Entre los primeros de la clase;Muy buen estudiante;5;5;5;1;1;4;5;5;5;2;5;5;5;5;1;4;4;4;1;3;4
EDICION DE FOTO Y VIDEO;JUNIOR;2205000;11;Chico;Mis padres;No;No sé;Muy buena;;marketing;coaching;Entre los primeros de la clase;Muy buen estudiante;4;4;5;1;2;3;3;4;3;2;5;4;3;3;2;3;5;5;2;2;5
EDICION DE FOTO Y VIDEO;JUNIOR;2803000;11;Chica;Yo, Mis padres;No;No;Buena;;En ICAI;Hace las tareas de mi casa;Por el medio, pero más cerca de los primeros;Buen estudiante;3;3;5;4;3;3;4;3;5;1;5;4;3;5;2;4;4;5;1;4;4
EDICION DE FOTO Y VIDEO;JUNIOR;2804000;12;Chico;Yo, Mis padres;2019, 2020 (online);Sí;Muy buena;;no me acuerdo;no me acuerdo;Entre los primeros de la clase;Muy buen estudiante;5;4;4;2;2;4;5;4;4;2;5;4;4;5;3;4;4;4;1;1;4
EDICION DE FOTO Y VIDEO;JUNIOR;2808000;10;Chica;Mis padres;2018;No sé;Buena;;ingeniería;ingeniería;Por el medio, pero más cerca de los primeros;Dentro de la media;3;2;3;2;3;1;3;3;3;4;4;2;2;2;5;2;4;4;4;4;3
EDICION DE FOTO Y VIDEO;JUNIOR;2812000;10;Chica;Mis padres;No;No sé;Buena;;Abogado;Abogada;Por el medio, pero más cerca de los primeros;Dentro de la media;4;3;3;1;3;4;5;3;5;2;4;4;2;5;2;2;4;2;1;3;3
EDICION DE FOTO Y VIDEO;JUNIOR;3007000;11;Chico;Mis padres;2019;Sí;Muy buena;;Ingeniero;Abogada;Entre los primeros de la clase;Muy buen estudiante;5;5;5;1;1;4;5;4;4;1;5;4;5;4;3;5;4;5;1;3;5
EDICION DE FOTO Y VIDEO;SENIOR;506531;14;Chica;Mis padres;No;No sé;Buena;;Biólogo;Profesora;Por el medio, pero más cerca de los primeros;Buen estudiante;3;3;5;1;4;2;3;4;5;2;5;5;3;3;2;3;4;4;1;2;5
EDICION DE FOTO Y VIDEO;SENIOR;605000;13;Chica;Mis padres;No;No sé;Buena;;Ingeniero;Profesora;Entre los primeros de la clase;Buen estudiante;4;5;4;1;1;2;5;4;4;2;5;5;5;4;1;3;4;3;1;3;5
EDICION DE FOTO Y VIDEO;SENIOR;708871;13;Chico;Yo;No;Sí;Buena;;financiero;marketing;Por el medio, pero más cerca de los primeros;Buen estudiante;3;3;4;2;2;2;4;2;2;3;4;3;3;3;4;2;4;4;3;4;3
EDICION DE FOTO Y VIDEO;SENIOR;905682;15;Chico;Yo;No;Sí;Muy buena;;organizador en la ucm;directora de publicidad;Por el medio, pero más cerca de los primeros;Muy buen estudiante;5;5;5;1;1;5;5;5;5;1;5;5;5;5;2;4;3;5;1;1;5
EDICION DE FOTO Y VIDEO;SENIOR;1006000;14;Chica;Yo;2016, 2017, 2018, 2019, 2020 (online);Sí;Muy buena;;Técnico en electrónica;Administrativa;Por el medio, pero más cerca de los primeros;Buen estudiante;5;5;5;1;1;5;5;5;5;3;5;5;5;5;1;3;5;5;1;2;5
EDICION DE FOTO Y VIDEO;SENIOR;1207020;13;Chica;Yo;No;No sé;Buena;;Físico;Promociones;Por el medio, pero más cerca de los primeros;Buen estudiante;3;3;4;3;3;3;3;4;3;3;2;2;3;3;4;3;4;3;3;2;2
EDICION DE FOTO Y VIDEO;SENIOR;1311072;16;Chico;Yo;2016;Sí;Buena;Camara de cine o programador;informatico;maestra de infantil;Por el medio, pero más cerca de los últimos;Dentro de la media;4;5;4;3;3;4;4;3;4;2;3;5;3;4;3;1;3;2;3;3;1
EDICION DE FOTO Y VIDEO;SENIOR;1708698;13;Chico;Mis padres;No;Sí;Buena;;Ingeniero;Nada;Entre los primeros de la clase;Muy buen estudiante;4;5;4;1;1;3;5;4;4;3;4;5;5;4;2;3;3;4;1;3;3
EDICION DE FOTO Y VIDEO;SENIOR;1912000,1;13;Chica;Mis padres;No;No sé;Buena;;ingeniero;Abogada;Entre los primeros de la clase;Muy buen estudiante;4;3;5;1;3;5;4;4;5;1;5;4;3;5;5;3;5;5;1;5;5
EDICION DE FOTO Y VIDEO;SENIOR;2105234;14;Chico;Mis padres;No;No sé;Buena;;Ingeniero de telecomunicaciones;Profesora de derecho;Por el medio, pero más cerca de los primeros;Buen estudiante;4;4;4;2;2;3;4;2;4;4;4;3;4;3;2;3;4;3;2;4;3
EDICION DE FOTO Y VIDEO;SENIOR;2303809;13;Chico;Yo;No;No sé;Buena;Informatico;Ingeniero de caminos;Ingeniera de caminos;Entre los primeros de la clase;Dentro de la media;4;4;5;2;2;4;3;4;5;3;5;3;4;3;4;3;4;4;1;4;3
EDICION DE FOTO Y VIDEO;SENIOR;2502000,2;14;Chica;Mis padres;No;Sí;Buena;;Derecho;Derecho;Por el medio, pero más cerca de los primeros;Muy buen estudiante;4;4;5;1;2;3;4;3;4;2;4;4;4;3;4;4;4;4;2;1;5
EDICION DE FOTO Y VIDEO;SENIOR;7720214000;14;Chico;Mis padres;No;No;Me da igual;;es ingeniero aeronaútico;es dentista;Por el medio, pero más cerca de los últimos;Buen estudiante;1;1;5;3;5;1;1;1;2;1;5;2;1;1;1;1;3;3;5;2;5
EMPRENDE ICADE;SENIOR;410780;15;Chico;Yo;2019;No sé;Buena;;franquiciero;abogada;Por el medio, pero más cerca de los primeros;Buen estudiante;3;3;5;2;3;4;3;4;5;2;5;4;3;4;3;3;4;4;2;3;4
EMPRENDE ICADE;SENIOR;703879;15;Chica;Mis padres;No;Sí;Me da igual;;Autonomo empresa;Banca en Santander;Entre los primeros de la clase;Muy buen estudiante;4;3;4;1;3;2;3;3;3;3;5;4;3;4;3;3;4;4;2;4;4
EMPRENDE ICADE;SENIOR;806041;15;Chico;Mis padres;No;No sé;Me da igual;;Es abogado;Es médico;Por el medio, pero más cerca de los primeros;Buen estudiante;2;2;3;3;4;2;2;3;2;1;4;3;2;2;4;2;3;3;5;5;4
EMPRENDE ICADE;SENIOR;910628;15;Chico;Yo;2016, 2017;Sí;Buena;Ser millonario;Algo de ordenadores pero no se que es exactamente;En ver si se puede llevar acabo un proyecto;Por el medio, pero más cerca de los últimos;Mal estudiante;5;5;5;1;2;5;4;5;5;4;5;5;4;3;3;2;3;3;1;4;5
EMPRENDE ICADE;SENIOR;1503393;16;Chica;Yo, Mis padres;2019;No;Muy buena;;Farmacia, organizar que los fármacos son efectivos en algunos clientes antes de sacarlos al mercado;Farmacia (igual que mi padre);Entre los primeros de la clase;Buen estudiante;5;3;4;2;5;3;2;4;4;3;3;3;2;4;4;1;3;4;2;4;4
EMPRENDE ICADE;SENIOR;1701952;16;Chico;Yo;2017, 2018, 2019;Sí;Muy buena;;Auditoría;Turismo;Por el medio, pero más cerca de los primeros;Buen estudiante;5;5;5;1;1;5;5;4;5;1;5;5;4;5;4;5;4;5;1;2;4
EMPRENDE ICADE;SENIOR;1702418;15;Chica;Mis padres;No;Sí;Buena;;Abogado militar;Profesora de educación infantil;Entre los primeros de la clase;Muy buen estudiante;4;4;4;1;1;1;5;5;5;3;4;3;4;3;4;3;4;3;2;1;3
EMPRENDE ICADE;SENIOR;1705326;15;Chica;Mis padres;No;Sí;Buena;;Ingeniero de telecomunicaciones;Ingeniera Informática;Entre los primeros de la clase;Muy buen estudiante;3;4;4;2;2;2;4;3;3;3;5;2;4;4;4;3;4;5;2;4;4
EMPRENDE ICADE;SENIOR;1801010;16;Chico;Yo;2019;Sí;Muy buena;;.;.;Entre los primeros de la clase;Muy buen estudiante;5;5;5;1;3;3;3;3;5;3;4;4;3;3;1;3;4;4;1;1;5
EMPRENDE ICADE;SENIOR;2404467;14;Chico;Yo, Mis padres;2018;Sí;Muy buena;;Director en everis;Telefónica;Entre los primeros de la clase;Muy buen estudiante;5;5;5;1;1;4;5;4;5;1;5;5;5;5;2;5;4;4;1;2;4
EMPRENDE ICADE;SENIOR;2505253;15;Chico;Yo;2019;Sí;Buena;Posiblemente biomedicina/bioingenieria;Arquitecto;Arquitecto;Por el medio, pero más cerca de los primeros;Buen estudiante;5;5;4;1;1;3;5;4;4;1;5;4;5;4;2;5;4;5;1;3;5
EMPRENDE ICADE;SENIOR;2709776;15;Chica;Yo;No;No sé;Buena;empresaria, abogada, modelo o algo relacionado con moda;es abogado;en el Santander;Entre los primeros de la clase;Muy buen estudiante;4;3;5;1;1;5;3;5;5;4;5;3;4;5;1;4;5;4;1;1;5
EMPRENDE ICADE;SENIOR;3009521;15;Chico;Mis amigos;2018, 2020 (online);Sí;Buena;;no lo sé;Abogado;Por el medio, pero más cerca de los primeros;Buen estudiante;3;3;3;2;3;3;4;3;3;3;5;3;3;4;4;2;4;3;2;5;3
ENERGIAS RENOVABLES;JUNIOR;310000;10;Chica;Yo;No;No;Muy buena;;en arreglos para el hogar;le acaban de despedir;Entre los primeros de la clase;Buen estudiante;3;2;3;3;3;3;2;2;4;1;3;2;1;4;3;1;3;1;2;1;1
ENERGIAS RENOVABLES;JUNIOR;1806000;12;Chico;Yo;2019;Sí;Buena;;Mi padre es abogado y empresario de la empresa Mondelez International.;Mi madre es inspectora de hacienda.;Entre los primeros de la clase;Buen estudiante;3;3;4;1;2;2;3;3;3;1;5;3;3;3;2;3;4;3;2;2;3
ENERGIAS RENOVABLES;JUNIOR;1912000,2;12;Chico;Yo;2019, 2020 (online);Sí;Muy buena;;Ingeniería;Ingeniería;Entre los primeros de la clase;Buen estudiante;5;4;4;1;1;4;5;5;4;1;5;4;4;4;1;4;4;4;1;1;4
ENERGIAS RENOVABLES;JUNIOR;2107000;12;Chico;Yo;2018, 2019;Sí;Buena;;Es abogado;es psicóloga;Por el medio, pero más cerca de los primeros;Dentro de la media;4;4;5;1;1;3;4;4;4;3;5;4;4;4;2;3;3;4;2;2;4
ENERGIAS RENOVABLES;JUNIOR;2204000;9;Chico;Mis padres;No;No sé;Buena;;no se;no se;Por el medio, pero más cerca de los primeros;Muy buen estudiante;5;3;4;1;1;3;3;4;3;1;5;3;3;3;1;3;5;5;1;3;4
ENERGIAS RENOVABLES;JUNIOR;2206000;11;Chico;Yo;2017;No sé;Buena;;Arquitecto;No sé;Por el medio, pero más cerca de los primeros;Buen estudiante;5;3;3;2;2;3;3;4;5;3;5;4;3;4;3;3;3;4;1;4;3
ENERGIAS RENOVABLES;JUNIOR;2501000,1;13;Chico;Mis amigos;No;No sé;Buena;;no se;en una empresa de telecomunicaciones;Entre los primeros de la clase;Muy buen estudiante;4;3;3;1;3;3;3;5;4;3;3;4;3;5;2;3;4;3;2;2;4
ENERGIAS RENOVABLES;JUNIOR;2509049;12;Chica;Yo, Mis padres;2018, 2019;Sí;Me da igual;;analitix;dirige una fabrica;Por el medio, pero más cerca de los primeros;Dentro de la media;3;3;3;3;3;1;3;3;3;3;3;3;3;3;3;3;3;3;4;3;3
INGENIERIA ELECTRONICA;SENIOR;404000;14;Chico;Yo;2016, 2017, 2018, 2019;Sí;Muy buena;no se;profesor de universidad;es ingeniera electrica;Entre los primeros de la clase;Buen estudiante;5;4;5;2;4;4;5;5;5;2;5;5;5;5;2;4;4;5;1;2;4
INGENIERIA ELECTRONICA;SENIOR;1610654;13;Chico;Yo, Mis padres;No;Sí;Buena;ingeniería;No sé;profesora;Por el medio, pero más cerca de los primeros;Dentro de la media;3;2;4;2;4;2;4;3;3;2;5;3;4;2;4;2;4;4;2;3;4
INGENIERIA ELECTRONICA;SENIOR;1802670;15;Chico;Yo;No;Sí;Muy buena;;Programación;Abogada;Por el medio, pero más cerca de los primeros;Buen estudiante;5;4;5;2;2;4;4;3;5;5;5;4;4;5;3;4;5;4;1;3;2
INGENIERIA ELECTRONICA;SENIOR;1909923;15;Chico;Mis padres;No;No sé;Buena;no lo tengo claro;arquitecto;arquitecta;Entre los últimos de la clase;Muy mal estudiante;3;4;4;1;2;4;4;3;3;3;5;4;4;3;3;3;4;5;2;3;4
INGENIERIA ELECTRONICA;SENIOR;2403282;14;Chico;Yo, Mis padres;No;No sé;Buena;no lo sè;institución iberoamericana;paro;Por el medio, pero más cerca de los primeros;Dentro de la media;4;4;5;2;3;3;4;4;4;2;5;4;3;4;4;3;2;4;1;3;4
INGENIERIA MECANICA;JUNIOR;0;13;Chico;Yo;No;Sí;Muy buena;;Es médico;Es farmacéutica;Entre los primeros de la clase;Buen estudiante;5;4;5;2;2;4;5;3;5;1;4;5;4;5;3;4;4;4;1;2;3
INGENIERIA MECANICA;JUNIOR;157000;11;Chico;Yo, Mis padres;No;No;Buena;;santander (empresa);sanidad;Entre los primeros de la clase;Muy buen estudiante;3;3;3;3;3;3;3;3;3;3;3;3;3;3;3;3;3;3;3;3;3
INGENIERIA MECANICA;JUNIOR;504000,1;13;Chico;Mis padres;No;Sí;Buena;;Mi padre es militar;Mi madre es profesora;Por el medio, pero más cerca de los primeros;Dentro de la media;4;4;4;1;1;2;4;3;4;4;4;5;4;4;3;4;3;3;1;3;4
INGENIERIA MECANICA;JUNIOR;1308000;12;Chico;Yo, Mis padres;2019;Sí;Muy buena;;Abogado de Enagas;Abogada;Entre los primeros de la clase;Buen estudiante;5;5;5;1;1;4;5;5;5;2;5;4;5;5;3;4;4;4;1;3;4
INGENIERIA MECANICA;JUNIOR;1712000;10;Chico;Yo;No;Sí;Muy buena;;auditor;nada;Entre los primeros de la clase;Muy buen estudiante;5;3;5;1;1;5;4;2;5;1;5;4;3;5;2;1;5;3;1;3;5
INGENIERIA MECANICA;JUNIOR;2705000;14;Chico;Yo;2019;Sí;Muy buena;;asesor fiscal;asesora culinaria;Entre los primeros de la clase;Buen estudiante;5;5;4;2;1;4;5;3;5;1;5;4;5;5;3;4;4;4;1;3;4
INGENIERIA MECANICA;JUNIOR;2801000;12;Chico;Yo;No;No sé;Muy buena;;ingenieria;ingeneria profesora;Entre los primeros de la clase;Muy buen estudiante;5;5;5;1;1;5;5;5;5;1;5;5;5;5;1;5;5;5;1;1;5
INGENIERIA MECANICA;JUNIOR;3006000;11;Chico;Otros;No;No;Me da igual;;arquitecto;arquitecta;Entre los primeros de la clase;Muy buen estudiante;5;1;5;4;3;4;3;5;5;5;1;4;3;5;5;5;1;5;2;3;3
INGENIERIA MECANICA;SENIOR;109000;13;Chico;Yo;2019, 2020 (online);Sí;Muy buena;;Ingeniería industrial;Logística;Por el medio, pero más cerca de los primeros;Buen estudiante;5;5;5;1;1;5;5;4;5;1;5;5;5;5;1;5;4;5;1;1;5
INGENIERIA MECANICA;SENIOR;604762;14;Chico;Yo, Mis padres;No;Sí;Muy buena;No lo tengo decidido aún.;Mi padre es médico radiofísico.;Mi madre no trabaja actualmente.;Entre los primeros de la clase;Muy buen estudiante;5;5;5;2;1;5;5;5;5;2;4;5;5;5;3;5;5;3;1;3;3
INGENIERIA MECANICA;SENIOR;609703;16;Chico;Yo;No;Sí;Muy buena;;Ingeniería industrial;Arquitecto;Por el medio, pero más cerca de los primeros;Buen estudiante;4;5;4;2;1;4;5;3;4;2;5;4;4;4;4;3;4;4;1;4;4
INGENIERIA MECANICA;SENIOR;708269;12;Chico;Yo;2018, 2019;Sí;Muy buena;;Ministerio de Movilidad Transportes y Agenda urbana.;CCOO.;Entre los primeros de la clase;Buen estudiante;5;5;4;1;1;4;5;5;5;1;5;5;5;5;2;4;5;5;1;2;5
INGENIERIA MECANICA;SENIOR;801040;17;Chico;Yo;2019;Sí;Muy mala;;Emprendedor;Con mi padre;Por el medio, pero más cerca de los primeros;Buen estudiante;5;4;5;1;2;4;5;3;4;2;5;4;5;4;2;4;5;4;1;4;5
INGENIERIA MECANICA;SENIOR;805065;15;Chico;Yo;No;Sí;Muy buena;;Arquitecto;Política;Por el medio, pero más cerca de los primeros;Buen estudiante;5;5;5;1;1;4;5;5;4;1;5;5;5;5;2;5;3;5;1;5;4
INGENIERIA MECANICA;SENIOR;1107991;16;Chico;Yo;No;Sí;Muy buena;;Empresario;Departamento de Comunicación de su empresa;Por el medio, pero más cerca de los primeros;Buen estudiante;4;4;4;2;2;4;4;3;4;3;4;4;4;4;4;3;4;4;2;4;3
INGENIERIA MECANICA;SENIOR;1404024;17;Chica;Yo;No;Sí;Muy buena;;Vicepresidente de su empresa;Es ingeniera quimica y directora de recursos humanos y gestion de crisis dentro de su empresa;Entre los primeros de la clase;Muy buen estudiante;5;5;4;2;1;3;5;4;4;1;5;5;5;5;2;4;5;4;1;4;3
INGENIERIA MECANICA;SENIOR;1603225;17;Chico;Yo;2016, 2017;Sí;Buena;;Economista;Economista;Entre los primeros de la clase;Buen estudiante;4;5;5;1;2;4;5;4;5;1;5;4;5;5;3;5;4;3;1;3;5
INGENIERIA MECANICA;SENIOR;1904467;17;Chico;Yo;No;Sí;Muy buena;;Consultor patrimonial;Consultor patrimonial;Por el medio, pero más cerca de los primeros;Buen estudiante;4;5;4;2;2;4;5;3;5;1;4;5;4;4;4;1;4;4;1;4;4
INGENIERIA MECANICA;SENIOR;2004265;15;Chico;Yo;No;Sí;Buena;No lo tengo claro;Inmobiliaria;Impuestos;Por el medio, pero más cerca de los últimos;Buen estudiante;4;4;4;2;2;3;4;3;4;4;5;5;5;5;3;2;4;4;2;3;4
INGENIERIA MECANICA;SENIOR;2007890;14;Chico;Mis padres;No;Sí;Buena;Ingeniero;Ingeniero;Profesora;Por el medio, pero más cerca de los primeros;Buen estudiante;4;5;4;2;1;1;5;3;4;1;5;5;5;5;4;1;3;3;1;5;4
INGENIERIA MECANICA;SENIOR;2101115;16;Chico;Yo;2018, 2019;Sí;Muy buena;Medicina;Financiero;Administración;Entre los primeros de la clase;Buen estudiante;5;5;5;2;2;3;4;3;4;1;5;4;4;4;3;4;4;4;1;3;5
INGENIERIA MECANICA;SENIOR;2101540;16;Chico;Yo;2016, 2017, 2018;Sí;Buena;Algo relacionado con el mundo de la automoción;Contable en banco;Administradora en la universidad;Por el medio, pero más cerca de los primeros;Buen estudiante;3;4;5;2;2;2;4;3;3;3;5;4;3;5;5;4;3;5;2;5;4
INGENIERIA MECANICA;SENIOR;2101894;16;Chico;Yo;2020 (online);Sí;Muy buena;Ingeniero de Fórmula 1;Ingeniero Mecánico;Medico;Entre los primeros de la clase;Buen estudiante;5;5;5;2;1;4;5;4;4;2;5;5;5;4;3;4;3;4;2;4;5
INGENIERIA MECANICA;SENIOR;2203352;17;Chico;Yo;No;Sí;Buena;Ser ingeniero;Finanzas;Moda;Entre los primeros de la clase;Buen estudiante;4;4;5;1;1;4;5;4;4;1;5;4;4;4;2;2;4;3;1;3;3
INGENIERIA MECANICA;SENIOR;2308128;13;Chico;Yo;No;Sí;Muy buena;Ingeniero aeroespacial;.;.;Entre los primeros de la clase;Buen estudiante;5;5;5;1;1;1;5;3;5;1;4;4;4;4;3;4;3;3;1;1;3
INGENIERIA MECANICA;SENIOR;2309302;16;Chica;Yo;No;Sí;Muy buena;Ingenieria industrial o electrica;Jubilado;Directora general;Por el medio, pero más cerca de los primeros;Buen estudiante;5;5;5;2;2;5;5;4;5;1;5;5;5;5;2;5;5;5;1;2;5
INGENIERIA MECANICA;SENIOR;2410178;17;Chico;Yo, Mis padres;2018, 2020 (online);Sí;Me da igual;Mecánico coches deportivos;Ingeniero;Ingeniero;Por el medio, pero más cerca de los primeros;Buen estudiante;4;4;4;2;2;1;4;4;3;1;4;4;4;4;4;4;4;4;1;1;4
INGENIERIA MECANICA;SENIOR;2512371;13;Chico;Yo;2017, 2018, 2019;Sí;Buena;;En vender luz;En vender tractores;Por el medio, pero más cerca de los primeros;Buen estudiante;4;3;4;2;3;2;3;4;4;3;5;4;3;3;2;3;3;5;2;2;5
INGENIERIA MECANICA;SENIOR;2710351;16;Chico;Mis padres;No;Sí;Buena;;En iberola aunque no se exactamente que hace.;No trabaja.;Entre los últimos de la clase;Mal estudiante;3;4;5;2;1;2;5;4;4;2;4;4;4;3;4;4;4;4;2;5;4
INGENIERIA MECANICA;SENIOR;3005065;15;Chico;Yo;No;Sí;Buena;;Trabaja en ferrovial aeropuertos;En medicina;Por el medio, pero más cerca de los primeros;Muy buen estudiante;4;4;5;2;2;3;4;4;4;3;5;4;4;5;3;4;3;5;2;3;5
INGENIERIA MECANICA;SENIOR;3103888;15;Chico;Yo;No;Sí;Buena;;Derecho;X;Entre los primeros de la clase;Muy buen estudiante;4;4;4;2;2;4;3;4;4;2;5;4;4;4;3;4;3;4;2;3;4
INTELIGENCIA ARTIFICIAL;SENIOR;302848;16;Chica;Yo;2017;Sí;Muy buena;A una ingeniería (no estoy segura de cual) o a algo mas relacionado con la economía y ADE;Es banquero;Contabilidad;Entre los primeros de la clase;Muy buen estudiante;5;5;5;2;4;4;4;4;5;1;5;5;4;5;1;4;5;4;1;3;3
INTELIGENCIA ARTIFICIAL;SENIOR;311077;15;Chico;Yo;2018, 2019;Sí;Muy buena;Temas relacionados con la ingeniería;Banca privada de Caixabank;Venta de césped Natural;Por el medio, pero más cerca de los primeros;Buen estudiante;4;5;4;2;1;4;5;3;4;2;5;5;5;5;5;5;4;3;2;5;3
INTELIGENCIA ARTIFICIAL;SENIOR;607816;16;Chico;Yo;No;Sí;Me da igual;No se;gestora de activos de propiedad privada;Fundación SEPI;Por el medio, pero más cerca de los últimos;Buen estudiante;4;4;4;1;2;4;4;4;4;3;4;4;4;4;3;2;3;4;2;2;3
INTELIGENCIA ARTIFICIAL;SENIOR;707974;15;Chico;Mis padres;2019;Sí;Buena;;Banco;Banco;Entre los primeros de la clase;Muy buen estudiante;5;5;5;1;1;5;4;5;5;1;5;5;5;3;2;4;5;5;1;1;5
INTELIGENCIA ARTIFICIAL;SENIOR;1107711;14;Chico;Yo, Mis amigos;2019;Sí;Buena;;Arquitecto;Marketing y direccion de empresas;Por el medio, pero más cerca de los primeros;Buen estudiante;5;5;5;2;4;4;5;4;5;2;4;4;5;5;2;3;4;4;1;3;5
INTELIGENCIA ARTIFICIAL;SENIOR;1407450;16;Chico;Yo;2018, 2019;Sí;Muy buena;;INGENIERO ELÉCTRICO;PROFESORA;Entre los primeros de la clase;Muy buen estudiante;5;5;5;1;1;5;5;5;5;1;5;5;5;5;2;5;5;5;1;4;5
INTELIGENCIA ARTIFICIAL;SENIOR;1611663;15;Chico;Yo, Mis amigos;No;Sí;Muy buena;;Profesor de Matemáticas;Trabaja por elle World Bank (Elle banco Mundial);Por el medio, pero más cerca de los primeros;Buen estudiante;5;5;5;2;1;4;4;3;5;1;5;4;5;5;2;4;5;4;1;2;5
INTELIGENCIA ARTIFICIAL;SENIOR;1701657;16;Chico;Yo;2018, 2019;Sí;Muy buena;;Trabaja en iberia;Trabaja en cepsa;Por el medio, pero más cerca de los últimos;Buen estudiante;5;5;5;2;1;4;5;4;5;4;4;4;4;4;3;4;2;5;1;3;4
INTELIGENCIA ARTIFICIAL;SENIOR;1801821;16;Chica;Yo, Mis padres, Mis amigos;No;Sí;Muy buena;;Mi padre es abogado y gestor;Mi madre es abogada;Entre los primeros de la clase;Muy buen estudiante;4;5;5;1;1;4;4;4;5;3;5;5;4;5;5;4;5;5;1;2;5
INTELIGENCIA ARTIFICIAL;SENIOR;1806485;17;Chico;Mis padres;No;Sí;Muy buena;Algún tipo de ingeniería;Matemático/informático;Matemático/informático;Entre los primeros de la clase;Buen estudiante;5;5;4;2;1;3;5;4;4;2;5;5;5;5;2;5;3;4;1;4;3
INTELIGENCIA ARTIFICIAL;SENIOR;2211155;15;Chico;Yo;No;No sé;Buena;;Profesor en ICADE;Abogada en Iberia;Por el medio, pero más cerca de los primeros;Buen estudiante;3;2;5;2;4;2;2;4;3;5;5;2;2;3;2;2;3;4;2;2;4
INTELIGENCIA ARTIFICIAL;SENIOR;2312587;12;Chica;Yo;2019, 2020 (online);No sé;Buena;;Estudio ingeniería de caminos pero se dedica al sector de la energía;Trabaja en un centro de salus como médico y psicóloga;Por el medio, pero más cerca de los primeros;Muy buen estudiante;4;3;5;1;3;4;3;4;5;2;4;3;3;4;2;3;2;4;1;2;3
INTELIGENCIA ARTIFICIAL;SENIOR;2403768;15;Chico;Yo, Mis padres;2019;Sí;Muy buena;;Abogado;Directora de Marketing;Por el medio, pero más cerca de los primeros;Buen estudiante;4;5;5;2;1;3;5;4;4;1;5;5;5;4;2;4;4;3;1;2;4
INTELIGENCIA ARTIFICIAL;SENIOR;2405749;16;Chico;Yo, Mis amigos;2016, 2017, 2018, 2019;Sí;Muy buena;;Guionista;empresa;Entre los primeros de la clase;Buen estudiante;5;5;5;2;1;4;4;4;5;1;5;5;5;5;2;5;3;5;1;1;5
INTELIGENCIA ARTIFICIAL;SENIOR;2609000;13;Chico;Mis padres;No;Sí;Buena;;Ingeniero (Técnicas Reunidas);Directora de Aifim;Entre los primeros de la clase;Muy buen estudiante;5;4;5;1;1;4;5;5;5;1;5;5;5;5;4;5;4;5;1;1;5
MINECRAFT;JUNIOR;140710;10;Chico;Yo, Mis padres, Mis amigos;No;No;Buena;;en un estanco;en la nebrija;Entre los primeros de la clase;Buen estudiante;4;3;4;1;1;4;4;5;5;1;5;5;5;5;5;4;5;1;1;1;5
MINECRAFT;JUNIOR;409000;9;Chico;Mis padres;No;No sé;Buena;A INGENIERO DE CAMINOS;EMPRESÁRIO;AUXILIAR DE FARMACÉUTICA;Por el medio, pero más cerca de los primeros;Buen estudiante;3;4;5;1;4;3;2;5;3;5;5;4;5;3;1;1;5;5;1;1;5
MINECRAFT;JUNIOR;1003000;10;Chico;Yo;No;No sé;Muy buena;;profesor de comillas;no lo se;Por el medio, pero más cerca de los primeros;Muy buen estudiante;5;3;4;1;3;5;4;3;5;5;5;5;5;5;2;5;5;5;1;2;5
MINECRAFT;JUNIOR;1103750;12;Chico;Yo;No;No sé;Muy buena;Programador;Ayuntamiento;Hoya Coordinadora;Entre los primeros de la clase;Buen estudiante;3;2;4;1;4;2;1;3;3;2;4;3;2;2;2;1;3;3;3;3;3
MINECRAFT;JUNIOR;1405000;12;Chico;Mis padres;No;Sí;Buena;;director supercor;profesora de universidad UNED;Por el medio, pero más cerca de los primeros;Dentro de la media;2;4;4;1;3;2;4;2;3;2;5;4;3;3;2;4;5;4;3;3;5
MINECRAFT;JUNIOR;1411000;11;Chico;Yo, Otros;No;No;Me da igual;;AEREONAUTICA;NO SE;Por el medio, pero más cerca de los primeros;Buen estudiante;2;2;3;3;4;1;1;3;1;1;5;3;2;2;4;2;3;3;5;4;5
MINECRAFT;JUNIOR;1504000;11;Chico;Yo;No;No sé;Me da igual;NOSE;INGENIERO;PWC;Entre los primeros de la clase;Buen estudiante;4;3;4;2;3;3;3;4;3;3;4;3;3;3;3;3;3;4;3;1;3
MINECRAFT;JUNIOR;1909000;11;Chico;Yo, Mis padres;No;No;Buena;;Ingeneria;Abogada;Por el medio, pero más cerca de los primeros;Buen estudiante;3;2;3;3;4;2;2;2;3;3;5;2;3;2;2;2;5;4;4;5;3
MINECRAFT;JUNIOR;2203000,1;12;Chico;Yo;2019, 2020 (online);No sé;Buena;;no se;no se;Entre los primeros de la clase;Muy buen estudiante;5;5;5;1;2;5;4;5;5;1;5;5;4;5;1;4;5;5;1;1;5
MINECRAFT;JUNIOR;2507000;10;Chico;Yo;No;No;Muy buena;Me gustaría ser de las fuerzas aéreas.;Mi padre es ingeniero aeronáutico.;Mi madre es juez.;Entre los primeros de la clase;Buen estudiante;5;4;5;3;4;3;3;4;5;3;5;5;3;4;3;2;5;4;1;2;4
MINECRAFT;JUNIOR;2611160;12;Chico;Yo;No;Sí;Muy buena;;Ingeniero/consultor;Médico;Entre los primeros de la clase;Muy buen estudiante;4;4;5;1;2;4;4;5;5;2;5;5;4;5;3;4;4;5;1;3;5
PROGRAMACION WEB;SENIOR;711046;14;Chico;Yo;2019;Sí;Muy buena;;Contable;Empresaria;Por el medio, pero más cerca de los primeros;Buen estudiante;4;5;3;3;2;4;4;3;3;2;5;4;5;5;4;5;5;5;1;3;4
PROGRAMACION WEB;SENIOR;1704015;12;Chico;Yo, Mis padres;No;No sé;Muy buena;No lo sé;Telecomunicaciones;Ingeniera;Entre los primeros de la clase;Buen estudiante;4;5;5;2;3;5;4;4;5;3;5;4;4;5;3;3;5;5;1;2;5
PROGRAMACION WEB;SENIOR;1901355;15;Chico;Yo;2018, 2019, 2020 (online);Sí;Buena;;Arquitecto;Casera de pisos;Por el medio, pero más cerca de los primeros;Buen estudiante;4;4;4;1;2;4;4;3;4;2;5;5;4;5;4;3;3;5;1;3;5
PROGRAMACION WEB;SENIOR;2101370;17;Chico;Yo;No;No;Buena;;Farmacéutico;Abogada;Entre los primeros de la clase;Muy buen estudiante;5;5;5;1;1;5;5;3;5;1;2;2;5;5;3;5;3;5;1;4;5
PROGRAMACION WEB;SENIOR;2311467;13;Chico;Yo, Mis padres;No;Sí;Buena;Juez o Ingeniero Industrial;Profesor;Profesora;Entre los primeros de la clase;Buen estudiante;3;3;4;1;2;3;2;4;4;2;5;2;3;4;4;1;4;5;1;1;5
ROBOTICA;JUNIOR;606472;16;Chico;Yo, Mis padres;2018;Sí;Muy buena;;En una empresa.;En una empresa.;Por el medio, pero más cerca de los primeros;Dentro de la media;5;5;5;1;2;4;4;4;4;4;4;4;4;4;3;3;4;5;1;2;4
ROBOTICA;JUNIOR;609000,2;12;Chica;Mis padres;No;No sé;Buena;Diseño de interiores;asesor;Profesora de universidad;Por el medio, pero más cerca de los primeros;Buen estudiante;4;4;5;2;2;2;3;3;4;2;5;4;3;4;5;3;5;4;2;3;4
ROBOTICA;JUNIOR;1104000;10;Chica;Yo;No;Sí;Buena;;abogado de derecho;economista;Entre los primeros de la clase;Buen estudiante;4;4;5;2;2;4;4;2;4;2;5;4;4;4;2;3;5;5;1;1;5
ROBOTICA;JUNIOR;1310000,1;9;Chica;Yo;No;No sé;Me da igual;;En Mondelez;En la Agencia Tributaria;Por el medio, pero más cerca de los primeros;Buen estudiante;4;3;5;2;2;3;3;3;5;2;3;4;4;4;1;3;3;3;1;3;5
ROBOTICA;JUNIOR;1311000,1;11;Chico;Mis padres;No;No sé;Buena;;Banco financiero, más o menos no estoy seguro.;Ingeniera, no estoy muy seguro.;Por el medio, pero más cerca de los primeros;Buen estudiante;4;3;4;1;3;1;3;4;3;3;5;4;3;3;2;3;4;4;2;1;4
ROBOTICA;JUNIOR;1702000;11;Chica;Mis padres;No;Sí;Muy buena;;CHEF EJECUTIVO;NO TRABAJA;Entre los primeros de la clase;Muy buen estudiante;4;4;4;1;5;4;5;5;4;3;4;4;4;4;2;3;4;4;1;1;4
ROBOTICA;JUNIOR;1810000;10;Chico;Mis padres;No;No;Buena;;Veterinario;Proyectos Estadísticos;Entre los primeros de la clase;Muy buen estudiante;5;5;5;1;1;1;5;4;5;2;5;5;5;4;2;5;4;5;1;4;5
ROBOTICA;JUNIOR;1905000;10;Chico;Mis padres;No;No sé;Muy buena;;en una universidad;en springfield;Por el medio, pero más cerca de los primeros;Buen estudiante;4;4;5;1;4;4;3;4;3;1;4;3;3;4;2;3;4;3;1;4;5
ROBOTICA;JUNIOR;2108000;10;Chico;Mis padres;No;No sé;Muy buena;;INFORMATICO;ADMINISTRADORA ICADE;Por el medio, pero más cerca de los primeros;Dentro de la media;4;3;4;2;3;3;3;3;4;3;4;4;3;2;2;3;4;3;1;1;3
ROBOTICA;JUNIOR;2502000,1;12;Chico;Mis padres;No;Sí;Muy buena;;en consultoria;en el banco;Por el medio, pero más cerca de los primeros;Buen estudiante;5;4;5;1;1;5;4;5;5;1;4;5;5;5;1;3;4;4;1;1;3
ROBOTICA;JUNIOR;2604000;11;Chica;Yo, Mis padres;No;No sé;Buena;;Trabaja en un banco;Es ingeniera;Por el medio, pero más cerca de los primeros;Buen estudiante;4;3;4;1;3;2;3;4;3;3;4;4;3;4;2;4;4;4;2;1;4
ROBOTICA;JUNIOR;2709000;10;Chica;Yo;2019;No sé;Buena;No sé;profesor de icay;profesora (bioquímica);Entre los primeros de la clase;Muy buen estudiante;4;3;4;2;3;3;3;3;4;2;3;4;3;3;2;3;3;4;2;2;4
ROBOTICA;JUNIOR;2802000;11;Chica;Yo, Mis padres;No;Sí;Buena;;es juez;es arquitecta;Por el medio, pero más cerca de los primeros;Muy buen estudiante;4;3;5;1;3;3;4;5;4;4;5;4;4;3;1;2;4;3;1;2;4
ROBOTICA;JUNIOR;1042011000;10;Chico;Yo;No;Sí;Muy buena;;director de empresa;medico;Entre los últimos de la clase;Buen estudiante;5;4;5;2;1;5;4;4;5;5;4;4;5;5;4;5;5;4;1;5;5
SMART CITY;SENIOR;1206306;15;Chico;Yo;2018;Sí;Muy buena;;Gestor ecomonomico;Profesora de Matematicas;Por el medio, pero más cerca de los primeros;Buen estudiante;5;5;5;1;1;5;5;5;5;1;5;5;5;5;2;5;4;5;1;2;2
SMART CITY;SENIOR;3103858;16;Chica;Yo;No;Sí;Muy buena;;Ingeniero;Abogado;Entre los primeros de la clase;Muy buen estudiante;5;5;4;1;1;3;5;5;5;1;5;5;5;4;3;5;5;4;1;4;5
VIDEOJUEGOS 2D;JUNIOR;103000;13;Chico;Yo;No;Sí;Muy buena;Ingeniero;Economista;Economista;Por el medio, pero más cerca de los primeros;Dentro de la media;4;4;5;1;3;3;4;4;5;2;5;4;4;4;3;3;5;5;1;1;4
VIDEOJUEGOS 2D;JUNIOR;202000;13;Chico;Yo, Mis padres;No;No sé;Buena;Ni idea;Profesor;Logistica;Entre los primeros de la clase;Muy buen estudiante;5;4;4;2;2;2;5;4;4;2;5;5;4;4;1;3;3;3;1;2;2
VIDEOJUEGOS 2D;JUNIOR;225000;11;Chico;Mis padres;No;No sé;Buena;Piloto de F1;Marketing;Coaching;Entre los primeros de la clase;Muy buen estudiante;4;3;5;2;3;3;3;4;3;3;5;3;3;3;2;3;5;5;2;1;5
VIDEOJUEGOS 2D;JUNIOR;608000;11;Chica;Yo;No;Sí;Muy buena;;empresa de gas natural;en un banco;Entre los primeros de la clase;Buen estudiante;5;4;5;1;2;4;4;5;5;2;5;4;5;5;1;4;4;5;1;1;3
VIDEOJUEGOS 2D;JUNIOR;712000;11;Chico;Yo, Mis padres, Mis amigos, Otros;No;No sé;Buena;;JBT;BME (Bolsas y Mercados Españoles);Por el medio, pero más cerca de los últimos;Buen estudiante;5;5;5;2;1;4;4;3;5;3;5;5;5;5;3;3;3;4;1;3;4
VIDEOJUEGOS 2D;JUNIOR;802000;11;Chico;Yo, Mis padres;No;Sí;Muy buena;Jugador de golf;ingeniero de industrial creo.;NO TRABAJA;Entre los primeros de la clase;Muy buen estudiante;5;4;5;1;5;3;4;5;5;3;5;5;4;5;1;1;5;5;1;1;5
VIDEOJUEGOS 2D;JUNIOR;912000;12;Chico;Yo, Mis padres, Mis amigos;No;No sé;Buena;;csn c=no me acuerdo s=seguridad n=nuclear;csn c=no me acuerdo s=seguridad n=nuclear;Por el medio, pero más cerca de los primeros;Buen estudiante;5;5;5;1;3;2;3;4;5;3;5;5;3;5;3;3;5;5;1;2;5
VIDEOJUEGOS 2D;JUNIOR;1102000;10;Chico;Yo;No;No sé;Buena;no lo se;ingenieria;medicina;Por el medio, pero más cerca de los primeros;Buen estudiante;2;2;2;1;1;1;2;1;2;1;4;2;1;2;3;1;3;2;3;2;2
VIDEOJUEGOS 2D;JUNIOR;1104250;13;Chico;Yo;No;Sí;Buena;;abogado;directora de eventos;Por el medio, pero más cerca de los primeros;Muy buen estudiante;5;4;4;1;1;3;5;4;4;3;5;5;5;5;2;3;3;4;1;1;3
VIDEOJUEGOS 2D;JUNIOR;1107000,1;10;Chico;Yo, Mis padres;No;Sí;Muy buena;;Mi padre es profesor;MI madre es profesora;Por el medio, pero más cerca de los últimos;Muy buen estudiante;4;5;5;3;3;5;3;3;4;1;5;5;3;5;5;3;1;4;1;5;5
VIDEOJUEGOS 2D;JUNIOR;1112000,2;12;Chico;Yo, Mis padres;No;No sé;Buena;;es autónomo;as auxiliar de farmacéutica;Por el medio, pero más cerca de los últimos;Buen estudiante;4;4;4;2;4;3;4;5;4;3;4;4;4;4;2;4;4;4;1;2;4
VIDEOJUEGOS 2D;JUNIOR;1312000;10;Chico;Mis padres;No;No;Buena;Profesor de geografía;Profesor de matemáticas;Es economomista;Entre los primeros de la clase;Muy buen estudiante;3;1;4;2;5;1;1;3;4;5;4;2;1;3;3;1;3;4;3;1;3
VIDEOJUEGOS 2D;JUNIOR;1402000;13;Chico;Mis padres;No;No sé;Me da igual;no sé;ingeniera;ingeniera;Por el medio, pero más cerca de los primeros;Dentro de la media;4;4;5;1;3;4;4;3;5;2;4;4;4;4;1;4;4;5;1;3;4
VIDEOJUEGOS 2D;JUNIOR;1506349;13;Chico;Mis padres;No;No sé;Buena;todavía no lo sé;arquitecto;arquitecta y en una inmobiliaria;Entre los primeros de la clase;Buen estudiante;2;2;5;1;3;2;3;2;3;4;5;4;3;2;5;3;5;5;3;5;5
VIDEOJUEGOS 2D;JUNIOR;1711000;10;Chico;Mis padres;No;Sí;Me da igual;;ingeniero;profesora;Por el medio, pero más cerca de los primeros;Buen estudiante;4;4;5;2;1;5;4;3;5;2;4;5;5;4;3;5;3;3;1;4;3
VIDEOJUEGOS 2D;JUNIOR;1801000;13;Chica;Yo;2018, 2019;No sé;Buena;;Profesor educación física;Profesora de Inglés;Entre los primeros de la clase;Muy buen estudiante;4;4;5;3;2;4;4;4;4;2;5;4;4;5;2;3;3;4;1;3;4
VIDEOJUEGOS 2D;JUNIOR;1805000;10;Chico;Yo, Mis padres;No;Sí;Buena;;informatica de ordenadores;no lo se;Entre los primeros de la clase;Buen estudiante;4;3;4;1;2;3;3;3;3;3;4;3;3;2;4;3;3;4;2;2;3
VIDEOJUEGOS 2D;JUNIOR;2005000;11;Chico;Yo;No;No sé;Muy buena;;Es juez;Es profesora de derecho en comillas;Por el medio, pero más cerca de los primeros;Buen estudiante;4;4;5;1;3;2;3;3;4;1;4;3;3;5;3;3;3;4;1;3;4
VIDEOJUEGOS 2D;JUNIOR;2010000;11;Chico;Mis padres;No;No sé;Me da igual;;No se;Profesora de Alemán;Entre los primeros de la clase;Buen estudiante;3;2;1;4;5;4;2;1;3;5;4;2;2;1;4;2;3;5;4;4;4
VIDEOJUEGOS 3D;SENIOR;802836;15;Chica;Yo;2016, 2017, 2018, 2019;Sí;Buena;;Comercial financiero;Analista de riesgos/administrativo bancario;Entre los primeros de la clase;Muy buen estudiante;5;5;5;2;2;4;5;4;5;1;5;5;5;4;4;5;3;5;1;2;5
VIDEOJUEGOS 3D;SENIOR;809000;14;Chica;Yo;No;Sí;Buena;;Informática y ciberseguridad.;Arquitectura.;Entre los primeros de la clase;Muy buen estudiante;5;5;5;1;1;5;5;5;5;1;5;5;5;5;1;5;4;4;1;1;5
VIDEOJUEGOS 3D;SENIOR;1211000;15;Chico;Yo, Mis padres;No;Sí;Buena;;Farmacéutico;Farmacéutica;Por el medio, pero más cerca de los primeros;Muy buen estudiante;5;5;5;1;1;3;5;4;4;1;4;5;4;4;5;4;5;4;2;1;5
VIDEOJUEGOS 3D;SENIOR;1307385;14;Chico;Yo;2019;Sí;Buena;;banco;abogado;Por el medio, pero más cerca de los primeros;Muy buen estudiante;5;5;5;1;1;4;3;3;3;3;3;3;3;3;3;3;3;3;3;3;3
VIDEOJUEGOS 3D;SENIOR;2101024;15;Chica;Yo;2017, 2018, 2019;Sí;Buena;;Funcionario;Trabaja en la sección cultural y comunicacion;Entre los primeros de la clase;Muy buen estudiante;5;4;5;1;2;4;4;5;5;1;4;5;4;5;3;4;4;4;1;2;4
VIDEOJUEGOS 3D;SENIOR;2703000;13;Chico;Yo;No;No sé;Muy buena;;empresario;medico;Por el medio, pero más cerca de los primeros;Buen estudiante;4;3;4;2;3;3;4;3;4;4;4;4;3;4;2;4;4;3;1;2;4
VIDEOJUEGOS 3D;SENIOR;2908377;13;Chico;Mis padres;2019;Sí;Muy buena;;ELectricidad y gas;No ce;Por el medio, pero más cerca de los primeros;Muy buen estudiante;4;3;4;4;3;3;2;2;4;5;4;3;2;3;4;1;4;4;3;2;4
VIDEOJUEGOS 3D;SENIOR;3008623;15;Chica;Yo;2017;Sí;Muy buena;;Trabajador de empresa;Profesora de Lengua;Entre los primeros de la clase;Buen estudiante;5;5;5;1;1;5;5;4;4;5;5;3;5;4;5;5;4;5;1;4;5
